customer_id,customer_name,phone,signup_date
1,Omar Ahmed,03564142317,2026-05-20
2,Sara Hussain,03720245792,2026-08-15
3,Rashid Mohammad,03855819067,2026-07-23
4,Sara Malik,03358578995,2026-09-18
5,Ahmed Ibrahim,03371146033,2026-08-27
6,Omar Ahmed,03815059996,2026-06-18
7,Sara Ali,03115781628,2026-07-22
8,Sara Mohammad,03741799147,2026-04-18
9,Sara Abdullah,03517133973,2026-06-21
10,Aisha Malik,03303342705,2026-01-22
11,Aisha Malik,03811771942,2026-09-09
12,Ahmed Ali,03554488222,2026-03-29
13,Ali Abdullah,03696278138,2026-08-30
14,Aisha Malik,03121917573,2026-06-06
15,Omar Ibrahim,03283369734,2026-08-08
16,Omar Ibrahim,03325161837,2026-04-12
17,Hassan Hussain,03452429108,2026-05-30
18,Ali Farooq,03608620981,2026-01-09
19,Omar Abdullah,03351643309,2026-09-22
20,Sara Ali,03672473451,2026-07-20
21,Ahmed Malik,03482706702,2026-05-06
22,Layla Ali,03249422214,2026-05-05
23,Ahmed Ali,03098115030,2026-02-08
24,Rashid Ahmed,03584787038,2026-09-12
25,Hassan Farooq,03176627104,2026-06-18
26,Aisha Ibrahim,03184815283,2026-09-13
27,Aisha Abdullah,03450129720,2026-09-11
28,Layla Ali,03577168204,2026-09-28
29,Zainab Farooq,03469989716,2026-07-20
30,Ahmed Ahmed,03244682317,2026-02-14
31,Rashid Hassan,03690149080,2026-04-06
32,Ahmed Mohammad,03655899939,2026-02-15
33,Ali Hussain,03576121722,2026-09-19
34,Fatima Abdullah,03538894679,2026-01-01
35,Ali Ibrahim,03615317117,2026-06-07
36,Zainab Malik,03215649527,2026-01-23
37,Hassan Ahmed,03223918175,2026-05-06
38,Layla Khan,03768575978,2026-01-28
39,Sara Ibrahim,03663603175,2026-07-27
40,Ali Ali,03129458595,2026-05-09
41,Aisha Ali,03332447760,2026-06-22
42,Ahmed Hassan,03330038891,2026-01-22
43,Ali Mohammad,03647028156,2026-04-18
44,Ali Ibrahim,03546989063,2026-03-26
45,Rashid Khan,03273182950,2026-05-08
46,Sara Ibrahim,03846736465,2026-03-11
47,Fatima Hassan,03240279115,2026-09-06
48,Aisha Mohammad,03285310021,2026-04-23
49,Sara Malik,03095883441,2026-02-08
50,Aisha Farooq,03070209519,2026-06-09
51,Ahmed Ahmed,03230063631,2026-01-10
52,Zainab Malik,03484889602,2026-06-04
53,Fatima Abdullah,03613357717,2026-08-12
54,Layla Ali,03553750678,2026-06-03
55,Aisha Farooq,03411783984,2026-05-21
56,Zainab Mohammad,03570981721,2026-09-14
57,Layla Farooq,03178514744,2026-05-31
58,Ahmed Hassan,03720966121,2026-02-01
59,Ali Hassan,03151338922,2026-08-25
60,Ahmed Ali,03268656749,2026-08-31
61,Fatima Farooq,03094461183,2026-05-24
62,Sara Ahmed,03213460765,2026-09-13
63,Layla Hassan,03185463672,2026-09-15
64,Layla Abdullah,03843233513,2026-01-13
65,Aisha Ali,03411037433,2026-02-08
66,Fatima Mohammad,03451614335,2026-02-05
67,Aisha Ahmed,03398846894,2026-03-09
68,Ali Mohammad,03274060252,2026-02-01
69,Layla Ali,03993464056,2026-02-04
70,Rashid Khan,03225261540,2026-03-07
71,Aisha Hassan,03773622450,2026-01-03
72,Ali Hassan,03114356600,2026-03-16
73,Omar Ahmed,03173905796,2026-04-18
74,Hassan Farooq,03911046849,2026-02-21
75,Aisha Malik,03478833701,2026-05-30
76,Rashid Hussain,03082539113,2026-05-03
77,Fatima Khan,03553783569,2026-01-04
78,Fatima Ali,03009112259,2026-08-09
79,Layla Abdullah,03266531484,2026-04-25
80,Layla Hassan,03816845868,2026-07-10
81,Zainab Hussain,03438453450,2026-06-25
82,Rashid Hassan,03655133716,2026-08-21
83,Sara Mohammad,03517816767,2026-02-05
84,Omar Farooq,03267699421,2026-06-14
85,Ali Ali,03648947787,2026-08-21
86,Zainab Hussain,03933613305,2026-03-13
87,Ahmed Farooq,03118403230,2026-03-04
88,Rashid Hassan,03721780616,2026-06-13
89,Ali Ibrahim,03844959478,2026-01-27
90,Omar Hussain,03949110683,2026-07-08
91,Layla Hassan,03189691162,2026-07-27
92,Rashid Hussain,03132750159,2026-01-24
93,Rashid Ibrahim,03113726491,2026-06-12
94,Layla Farooq,03230102756,2026-03-13
95,Omar Abdullah,03656430565,2026-09-11
96,Ali Ali,03350640507,2026-09-07
97,Aisha Ibrahim,03875610531,2026-03-03
98,Aisha Ali,03966356640,2026-06-13
99,Sara Malik,03295183513,2026-08-06
100,Ali Farooq,03333665690,2026-03-26
101,Omar Hassan,03346591921,2026-06-27
102,Ahmed Mohammad,03334130106,2026-08-04
103,Ali Abdullah,03719297820,2026-07-22
104,Ahmed Ali,03383446135,2026-02-05
105,Ahmed Mohammad,03426137524,2026-04-22
106,Zainab Ibrahim,03776833519,2026-07-12
107,Rashid Ibrahim,03434100371,2026-02-01
108,Layla Farooq,03090985390,2026-09-16
109,Hassan Ibrahim,03258226231,2026-08-02
110,Omar Ahmed,03480543097,2026-09-25
111,Aisha Hussain,03893311859,2026-02-18
112,Ali Ahmed,03727085971,2026-05-21
113,Ahmed Hussain,03763899035,2026-04-06
114,Fatima Hassan,03726410782,2026-06-14
115,Zainab Ahmed,03645926627,2026-01-02
116,Rashid Farooq,03377185525,2026-06-08
117,Ali Farooq,03834870072,2026-02-06
118,Layla Ibrahim,03220869666,2026-09-10
119,Omar Khan,03695670282,2026-05-04
120,Zainab Abdullah,03865407756,2026-06-19
121,Aisha Hassan,03207430130,2026-04-05
122,Rashid Hussain,03467421640,2026-03-17
123,Rashid Mohammad,03119710239,2026-05-07
124,Sara Abdullah,03490750755,2026-03-29
125,Fatima Ali,03438543439,2026-02-05
126,Aisha Ahmed,03618705145,2026-09-08
127,Layla Khan,03112797389,2026-03-15
128,Rashid Malik,03642389255,2026-08-24
129,Fatima Ibrahim,03598247297,2026-04-11
130,Omar Mohammad,03760982086,2026-07-18
131,Zainab Hassan,03894731682,2026-04-13
132,Fatima Hassan,03559945034,2026-06-29
133,Zainab Khan,03944180996,2026-03-22
134,Sara Hussain,03508688843,2026-03-26
135,Ahmed Hassan,03858004304,2026-01-27
136,Ali Ali,03731994321,2026-04-26
137,Fatima Ibrahim,03001379427,2026-03-07
138,Sara Ali,03074936394,2026-07-25
139,Zainab Hassan,03993578800,2026-09-02
140,Aisha Ahmed,03006027843,2026-08-21
141,Hassan Mohammad,03802762830,2026-03-03
142,Zainab Abdullah,03868060867,2026-04-10
143,Ahmed Ahmed,03472223716,2026-08-09
144,Rashid Abdullah,03623211753,2026-04-01
145,Omar Mohammad,03328975615,2026-02-04
146,Sara Ibrahim,03813395826,2026-06-13
147,Fatima Hassan,03003688317,2026-07-10
148,Ali Mohammad,03091691081,2026-07-29
149,Aisha Farooq,03560506850,2026-05-09
150,Ali Farooq,03281358814,2026-07-10
151,Ali Hussain,03671587255,2026-04-11
152,Layla Hassan,03867885392,2026-05-16
153,Fatima Ali,03690789575,2026-06-04
154,Zainab Farooq,03381262617,2026-07-29
155,Hassan Hussain,03295513164,2026-07-28
156,Fatima Abdullah,03681049267,2026-06-11
157,Zainab Ahmed,03048658457,2026-03-04
158,Ali Ahmed,03041541996,2026-02-13
159,Ali Mohammad,03813338165,2026-07-22
160,Rashid Abdullah,03666853504,2026-05-26
161,Fatima Ali,03206726894,2026-05-22
162,Aisha Ahmed,03527695160,2026-05-16
163,Hassan Mohammad,03749668056,2026-02-26
164,Aisha Abdullah,03742616040,2026-04-16
165,Ahmed Ali,03283439235,2026-09-20
166,Layla Ibrahim,03766827113,2026-03-14
167,Hassan Hassan,03180802190,2026-06-26
168,Rashid Abdullah,03317677914,2026-07-12
169,Omar Abdullah,03362770503,2026-03-25
170,Omar Khan,03620168486,2026-03-04
171,Omar Ali,03452171205,2026-05-01
172,Zainab Ibrahim,03478577467,2026-05-21
173,Ali Hussain,03850366421,2026-06-01
174,Hassan Malik,03718420568,2026-09-14
175,Zainab Abdullah,03619151764,2026-05-01
176,Aisha Hussain,03618065014,2026-06-25
177,Layla Hussain,03694718016,2026-05-17
178,Hassan Ahmed,03801964518,2026-06-29
179,Rashid Khan,03896402989,2026-07-26
180,Aisha Abdullah,03766394712,2026-09-23
181,Ali Ali,03670165804,2026-04-20
182,Rashid Abdullah,03433607786,2026-05-10
183,Zainab Hussain,03551848214,2026-04-25
184,Omar Ibrahim,03762518110,2026-09-13
185,Hassan Khan,03896909608,2026-09-18
186,Hassan Ahmed,03978138066,2026-01-24
187,Ali Malik,03908177033,2026-03-09
188,Hassan Ibrahim,03394257164,2026-02-27
189,Omar Abdullah,03973314225,2026-06-14
190,Sara Hussain,03339024453,2026-07-28
191,Layla Hussain,03630242029,2026-01-05
192,Fatima Mohammad,03577653134,2026-05-10
193,Fatima Ahmed,03108217091,2026-03-24
194,Aisha Ali,03428024854,2026-02-22
195,Ali Malik,03007274211,2026-09-09
196,Fatima Hassan,03519865909,2026-09-12
197,Aisha Abdullah,03128848410,2026-09-13
198,Layla Malik,03820769010,2026-06-17
199,Layla Farooq,03091911814,2026-08-15
200,Layla Abdullah,03031852422,2026-03-10
201,Sara Malik,03272644625,2026-03-09
202,Layla Abdullah,03389997449,2026-05-08
203,Ali Abdullah,03525903807,2026-04-19
204,Aisha Khan,03171494678,2026-03-31
205,Ahmed Mohammad,03521603142,2026-07-08
206,Layla Ibrahim,03396335523,2026-07-13
207,Ahmed Hussain,03092831876,2026-05-22
208,Fatima Abdullah,03246823383,2026-07-31
209,Ahmed Ibrahim,03133027787,2026-03-29
210,Aisha Malik,03687190041,2026-06-09
211,Sara Ahmed,03781779572,2026-03-03
212,Hassan Ali,03337258734,2026-01-27
213,Hassan Ibrahim,03564035574,2026-04-05
214,Hassan Malik,03094425091,2026-08-29
215,Fatima Abdullah,03733833992,2026-06-17
216,Layla Ibrahim,03883722362,2026-05-31
217,Aisha Ahmed,03438490807,2026-01-23
218,Rashid Ibrahim,03663864010,2026-07-08
219,Layla Mohammad,03314688950,2026-04-15
220,Omar Ali,03938260953,2026-06-27
221,Zainab Farooq,03296677412,2026-09-25
222,Fatima Abdullah,03084117183,2026-07-30
223,Omar Ibrahim,03557209231,2026-05-22
224,Sara Ali,03728585666,2026-03-09
225,Layla Mohammad,03294578927,2026-02-22
226,Sara Hassan,03165070875,2026-04-06
227,Layla Ahmed,03856998335,2026-05-31
228,Ahmed Farooq,03025171934,2026-01-27
229,Hassan Ibrahim,03777778905,2026-08-09
230,Hassan Mohammad,03613682179,2026-01-15
231,Ali Malik,03084572112,2026-01-09
232,Ali Ibrahim,03883293383,2026-04-07
233,Ali Hassan,03921719632,2026-06-19
234,Fatima Ali,03852532237,2026-01-07
235,Rashid Khan,03037647839,2026-06-17
236,Fatima Hussain,03185190323,2026-07-31
237,Rashid Ali,03612794506,2026-03-17
238,Aisha Khan,03173388665,2026-06-12
239,Sara Hassan,03122578377,2026-07-14
240,Rashid Mohammad,03155592957,2026-08-01
241,Rashid Mohammad,03508967889,2026-04-21
242,Omar Mohammad,03157846414,2026-09-27
243,Aisha Khan,03706720693,2026-08-23
244,Zainab Hassan,03119760096,2026-01-24
245,Fatima Farooq,03045595080,2026-07-21
246,Zainab Abdullah,03860312283,2026-08-07
247,Ahmed Hussain,03062920141,2026-03-08
248,Ali Ali,03937409721,2026-01-22
249,Rashid Ibrahim,03551578366,2026-03-24
250,Sara Ibrahim,03034843089,2026-03-09
251,Layla Farooq,03952075533,2026-01-16
252,Ali Hassan,03163732475,2026-09-27
253,Aisha Khan,03183557566,2026-07-02
254,Ali Farooq,03111651148,2026-09-25
255,Layla Farooq,03348092428,2026-02-18
256,Omar Ali,03382356603,2026-06-24
257,Rashid Mohammad,03072386284,2026-04-16
258,Sara Ibrahim,03540899153,2026-05-15
259,Zainab Malik,03654852195,2026-06-02
260,Layla Farooq,03432812175,2026-01-10
261,Rashid Ali,03066111348,2026-01-24
262,Omar Ibrahim,03256822209,2026-02-28
263,Rashid Khan,03539492262,2026-03-26
264,Layla Hassan,03072989170,2026-09-02
265,Rashid Ahmed,03281502306,2026-09-06
266,Fatima Ibrahim,03254204917,2026-02-18
267,Omar Farooq,03198100403,2026-06-25
268,Fatima Ali,03214013646,2026-08-29
269,Sara Mohammad,03030811064,2026-08-09
270,Fatima Ali,03410205968,2026-03-08
271,Ahmed Farooq,03979292729,2026-09-20
272,Ahmed Malik,03547659589,2026-08-26
273,Zainab Ali,03824237767,2026-03-25
274,Hassan Hassan,03891035502,2026-06-29
275,Ali Ibrahim,03160559665,2026-08-18
276,Aisha Hussain,03600923079,2026-03-08
277,Fatima Mohammad,03396901344,2026-05-12
278,Fatima Abdullah,03341823313,2026-04-01
279,Layla Farooq,03336981996,2026-04-07
280,Ali Ahmed,03264137396,2026-05-01
281,Layla Farooq,03148056761,2026-08-07
282,Ahmed Hussain,03088678583,2026-04-18
283,Zainab Abdullah,03389289556,2026-02-16
284,Omar Mohammad,03312549070,2026-07-19
285,Zainab Hassan,03452691014,2026-03-15
286,Zainab Ahmed,03560045447,2026-02-08
287,Fatima Ahmed,03988425912,2026-09-13
288,Omar Malik,03138006123,2026-05-04
289,Zainab Farooq,03730221662,2026-09-06
290,Zainab Ahmed,03411281627,2026-04-20
291,Omar Ali,03800700131,2026-08-29
292,Ahmed Ahmed,03030530932,2026-01-03
293,Hassan Abdullah,03953519450,2026-04-20
294,Layla Mohammad,03386160764,2026-05-16
295,Hassan Ali,03070203190,2026-06-23
296,Rashid Farooq,03851159483,2026-05-07
297,Sara Abdullah,03014344866,2026-03-06
298,Layla Mohammad,03316426704,2026-05-28
299,Ahmed Abdullah,03567533334,2026-06-04
300,Hassan Ahmed,03316099849,2026-02-09
301,Ahmed Ibrahim,03435341580,2026-04-19
302,Hassan Hassan,03737569588,2026-08-07
303,Fatima Malik,03186048522,2026-05-10
304,Ali Ali,03373744967,2026-02-17
305,Ahmed Mohammad,03804988559,2026-07-30
306,Aisha Hassan,03333094239,2026-03-15
307,Zainab Hussain,03685125459,2026-02-11
308,Omar Abdullah,03071962756,2026-01-23
309,Ahmed Ibrahim,03286997749,2026-07-07
310,Omar Ahmed,03990762845,2026-06-16
311,Fatima Khan,03222394333,2026-07-18
312,Aisha Mohammad,03141450900,2026-04-09
313,Fatima Abdullah,03075551753,2026-08-18
314,Aisha Hassan,03148605548,2026-05-29
315,Ahmed Farooq,03953507998,2026-08-01
316,Omar Hussain,03102362160,2026-01-06
317,Zainab Abdullah,03967678651,2026-09-02
318,Rashid Ali,03669407169,2026-07-28
319,Ali Ibrahim,03547841564,2026-04-07
320,Ali Ahmed,03453127295,2026-04-20
321,Fatima Hassan,03822536205,2026-03-09
322,Sara Hussain,03160268119,2026-07-02
323,Hassan Ahmed,03120827098,2026-08-31
324,Ali Khan,03681396505,2026-05-18
325,Sara Ali,03111630743,2026-04-24
326,Layla Malik,03442246543,2026-04-30
327,Rashid Mohammad,03837201285,2026-02-03
328,Ahmed Ali,03567849214,2026-08-16
329,Aisha Ibrahim,03332859657,2026-08-13
330,Fatima Malik,03253691516,2026-09-13
331,Fatima Ahmed,03527354861,2026-02-26
332,Fatima Mohammad,03355566985,2026-08-20
333,Rashid Ahmed,03840601932,2026-07-16
334,Hassan Hussain,03364278027,2026-09-05
335,Layla Farooq,03499848820,2026-09-28
336,Aisha Mohammad,03815136234,2026-03-31
337,Hassan Farooq,03045500128,2026-05-06
338,Ali Hussain,03866701408,2026-05-30
339,Fatima Malik,03886640930,2026-03-12
340,Ali Malik,03965800443,2026-01-31
341,Rashid Ali,03693102815,2026-01-07
342,Fatima Ali,03489069527,2026-07-29
343,Sara Ibrahim,03016056471,2026-03-26
344,Rashid Ibrahim,03614015019,2026-04-03
345,Sara Abdullah,03619435314,2026-07-27
346,Ali Mohammad,03639978687,2026-06-12
347,Layla Ahmed,03628558343,2026-08-07
348,Ali Ahmed,03114649521,2026-08-14
349,Ali Hussain,03207833325,2026-03-17
350,Ali Hassan,03242869817,2026-06-12
351,Omar Mohammad,03494535698,2026-03-17
352,Ahmed Ibrahim,03423918083,2026-08-27
353,Ali Malik,03792835255,2026-01-08
354,Layla Hussain,03331638070,2026-02-28
355,Layla Farooq,03597430635,2026-07-18
356,Layla Ibrahim,03687084154,2026-07-25
357,Ahmed Malik,03929989622,2026-03-13
358,Rashid Khan,03782696748,2026-05-31
359,Sara Ahmed,03935426783,2026-05-22
360,Omar Abdullah,03405180099,2026-09-06
361,Fatima Mohammad,03666101484,2026-04-11
362,Hassan Ahmed,03877859740,2026-09-18
363,Hassan Ahmed,03844151739,2026-05-04
364,Ahmed Ahmed,03410682559,2026-02-18
365,Layla Ahmed,03193662544,2026-09-06
366,Omar Ahmed,03016065613,2026-01-31
367,Layla Hassan,03425015821,2026-04-10
368,Layla Abdullah,03682960190,2026-03-14
369,Rashid Mohammad,03429058437,2026-01-09
370,Aisha Farooq,03942838308,2026-08-07
371,Omar Ali,03411444707,2026-09-04
372,Aisha Hassan,03733163232,2026-09-18
373,Ali Farooq,03174835143,2026-07-17
374,Ahmed Ahmed,03618112347,2026-04-24
375,Hassan Malik,03396285305,2026-08-25
376,Fatima Hassan,03830156823,2026-02-06
377,Zainab Hassan,03829854031,2026-09-21
378,Ahmed Ali,03574641448,2026-07-21
379,Layla Mohammad,03337637056,2026-02-12
380,Layla Malik,03698412068,2026-08-04
381,Fatima Hassan,03980590862,2026-09-09
382,Rashid Farooq,03711544514,2026-05-21
383,Zainab Ahmed,03340511330,2026-03-18
384,Hassan Hassan,03045333477,2026-05-27
385,Sara Abdullah,03265387763,2026-04-28
386,Aisha Khan,03624114688,2026-08-11
387,Hassan Hassan,03058865006,2026-04-08
388,Rashid Hussain,03040178867,2026-03-07
389,Hassan Farooq,03606694455,2026-08-13
390,Hassan Ahmed,03446281411,2026-03-28
391,Aisha Hussain,03401215049,2026-03-20
392,Ali Ibrahim,03622423591,2026-06-09
393,Ahmed Farooq,03725938772,2026-06-26
394,Fatima Ali,03289787259,2026-06-16
395,Fatima Hassan,03540582832,2026-06-05
396,Fatima Farooq,03319118370,2026-08-19
397,Rashid Ali,03944976799,2026-08-30
398,Hassan Hussain,03610366254,2026-07-19
399,Layla Abdullah,03654318661,2026-06-03
400,Ahmed Ali,03653137828,2026-09-07
401,Fatima Mohammad,03132202872,2026-04-30
402,Hassan Abdullah,03364935163,2026-06-19
403,Omar Malik,03567885591,2026-07-08
404,Ahmed Malik,03225944988,2026-09-13
405,Zainab Ali,03933276530,2026-03-13
406,Rashid Mohammad,03402940838,2026-08-23
407,Ali Malik,03272272142,2026-09-19
408,Ahmed Ali,03819857829,2026-05-23
409,Omar Farooq,03307675542,2026-03-25
410,Ahmed Hussain,03461370743,2026-08-05
411,Ahmed Farooq,03555682120,2026-05-06
412,Omar Mohammad,03775256358,2026-03-18
413,Zainab Hassan,03324142856,2026-06-21
414,Aisha Malik,03601468579,2026-01-03
415,Zainab Malik,03137292434,2026-08-08
416,Ahmed Ali,03880824981,2026-03-06
417,Layla Farooq,03307914237,2026-05-24
418,Layla Ali,03786555085,2026-01-12
419,Rashid Malik,03717160179,2026-08-21
420,Sara Hassan,03990605403,2026-05-22
421,Ali Ahmed,03278545588,2026-08-21
422,Omar Ibrahim,03590441078,2026-03-03
423,Ahmed Hassan,03090081254,2026-01-13
424,Zainab Hussain,03264085868,2026-07-17
425,Fatima Abdullah,03451116683,2026-05-17
426,Omar Ali,03517009778,2026-08-23
427,Ahmed Hussain,03701284940,2026-08-27
428,Layla Malik,03134491328,2026-09-27
429,Aisha Farooq,03328455351,2026-03-07
430,Hassan Abdullah,03826971867,2026-06-12
431,Aisha Hussain,03106460480,2026-02-01
432,Ali Hassan,03007479249,2026-08-04
433,Fatima Farooq,03084569759,2026-07-25
434,Zainab Hassan,03260257547,2026-09-20
435,Rashid Farooq,03763622635,2026-08-09
436,Hassan Ahmed,03581568298,2026-02-19
437,Hassan Malik,03668762940,2026-08-11
438,Zainab Hassan,03686320994,2026-07-10
439,Aisha Ali,03609942303,2026-04-08
440,Sara Hassan,03271881269,2026-08-03
441,Layla Abdullah,03387656116,2026-06-25
442,Ali Mohammad,03968506469,2026-03-24
443,Zainab Ahmed,03663454469,2026-08-13
444,Aisha Ali,03228754456,2026-01-28
445,Ali Farooq,03093989156,2026-05-04
446,Zainab Ibrahim,03654629073,2026-09-09
447,Rashid Malik,03789218505,2026-02-04
448,Aisha Hassan,03745795962,2026-01-01
449,Hassan Abdullah,03880318873,2026-09-19
450,Ali Hassan,03653768563,2026-04-06
451,Layla Ahmed,03672041251,2026-01-26
452,Sara Khan,03348626992,2026-04-19
453,Layla Hussain,03827045337,2026-08-04
454,Layla Mohammad,03324414163,2026-02-05
455,Sara Farooq,03182739549,2026-03-07
456,Ali Farooq,03400390352,2026-04-26
457,Fatima Malik,03269070291,2026-05-01
458,Hassan Khan,03453557918,2026-09-14
459,Hassan Malik,03264529524,2026-09-02
460,Hassan Khan,03370720043,2026-07-15
461,Omar Hassan,03377211514,2026-02-03
462,Hassan Ibrahim,03416607943,2026-03-18
463,Hassan Mohammad,03734831259,2026-09-07
464,Omar Abdullah,03269256495,2026-05-26
465,Sara Ibrahim,03061962420,2026-02-02
466,Ali Khan,03329933863,2026-04-14
467,Omar Khan,03852963174,2026-08-10
468,Rashid Hassan,03566182284,2026-06-11
469,Hassan Ahmed,03756603119,2026-09-15
470,Ali Hussain,03646539179,2026-03-11
471,Sara Farooq,03839564846,2026-06-10
472,Ali Farooq,03915290143,2026-09-03
473,Sara Ibrahim,03595530625,2026-09-01
474,Ahmed Ahmed,03615679565,2026-07-15
475,Zainab Abdullah,03282699050,2026-05-26
476,Ali Khan,03307703838,2026-06-24
477,Zainab Ahmed,03479269575,2026-05-03
478,Sara Ibrahim,03258653257,2026-06-09
479,Sara Farooq,03829995537,2026-02-25
480,Layla Hussain,03554882183,2026-01-17
481,Layla Farooq,03330614776,2026-08-04
482,Ali Hassan,03550917724,2026-06-16
483,Omar Mohammad,03922493443,2026-08-11
484,Aisha Farooq,03967841231,2026-03-22
485,Zainab Malik,03256575675,2026-07-05
486,Fatima Abdullah,03616235762,2026-06-25
487,Fatima Abdullah,03081201927,2026-09-19
488,Ahmed Malik,03803983466,2026-05-28
489,Ali Hassan,03758253433,2026-02-11
490,Zainab Ahmed,03329862542,2026-02-01
491,Fatima Hussain,03873363294,2026-01-30
492,Ahmed Abdullah,03892406772,2026-03-09
493,Aisha Ali,03417337491,2026-01-28
494,Omar Farooq,03648725250,2026-02-18
495,Zainab Ibrahim,03096294153,2026-07-25
496,Ahmed Ahmed,03537036205,2026-07-10
497,Sara Ali,03073754771,2026-01-07
498,Ahmed Khan,03906326012,2026-08-14
499,Omar Khan,03454987561,2026-03-20
500,Hassan Hussain,03929439244,2026-05-14
501,Zainab Ibrahim,03749364029,2026-05-28
502,Sara Khan,03307714263,2026-09-07
503,Sara Ibrahim,03330450183,2026-01-15
504,Hassan Khan,03807104277,2026-07-30
505,Ahmed Mohammad,03574228531,2026-03-15
506,Sara Hassan,03927101046,2026-03-28
507,Zainab Mohammad,03408936763,2026-01-03
508,Omar Hussain,03679517039,2026-06-28
509,Layla Hassan,03787367863,2026-09-15
510,Fatima Ali,03237825485,2026-02-03
511,Sara Mohammad,03980980825,2026-01-30
512,Aisha Hussain,03405359898,2026-07-07
513,Ali Khan,03322236033,2026-04-22
514,Rashid Malik,03358586194,2026-02-19
515,Ali Malik,03962480304,2026-03-16
516,Layla Hussain,03440465706,2026-05-14
517,Layla Hassan,03688005949,2026-04-18
518,Hassan Farooq,03196012532,2026-08-19
519,Fatima Malik,03660082365,2026-07-20
520,Aisha Mohammad,03589246398,2026-04-06
521,Layla Ali,03973305875,2026-03-20
522,Layla Ahmed,03426504855,2026-07-23
523,Fatima Abdullah,03338959875,2026-07-17
524,Layla Abdullah,03537901026,2026-09-01
525,Ali Farooq,03207613947,2026-08-27
526,Omar Hussain,03873787291,2026-05-15
527,Ali Hussain,03045977649,2026-09-01
528,Fatima Ali,03482157427,2026-06-09
529,Fatima Hassan,03673828458,2026-06-01
530,Fatima Mohammad,03571225631,2026-07-14
531,Omar Abdullah,03515731142,2026-08-07
532,Omar Mohammad,03333122744,2026-04-10
533,Layla Ali,03963462119,2026-03-24
534,Zainab Mohammad,03231983984,2026-04-17
535,Hassan Farooq,03364216904,2026-03-29
536,Hassan Khan,03128108421,2026-08-15
537,Hassan Farooq,03000769987,2026-03-31
538,Layla Farooq,03330523330,2026-06-15
539,Layla Ibrahim,03137281278,2026-04-04
540,Omar Malik,03427178436,2026-08-15
541,Zainab Hussain,03297749686,2026-07-24
542,Layla Hussain,03025412183,2026-01-31
543,Rashid Farooq,03049436280,2026-06-28
544,Rashid Ali,03604100829,2026-04-16
545,Rashid Hussain,03983269048,2026-08-22
546,Sara Farooq,03137433072,2026-04-12
547,Fatima Farooq,03501803177,2026-03-01
548,Layla Hussain,03316129744,2026-03-07
549,Omar Farooq,03012116423,2026-04-28
550,Ali Farooq,03716644276,2026-01-09
551,Omar Hussain,03009482878,2026-08-11
552,Sara Malik,03176478659,2026-04-21
553,Hassan Ali,03231395915,2026-04-04
554,Fatima Hassan,03566347014,2026-05-05
555,Fatima Abdullah,03213546574,2026-04-18
556,Sara Hassan,03991812029,2026-06-04
557,Sara Abdullah,03801164568,2026-01-28
558,Hassan Ali,03877613534,2026-07-23
559,Hassan Abdullah,03351538479,2026-01-21
560,Zainab Farooq,03146850587,2026-04-26
561,Zainab Mohammad,03033207557,2026-08-03
562,Aisha Ibrahim,03626394234,2026-02-04
563,Omar Ali,03097245152,2026-05-05
564,Hassan Khan,03033974062,2026-08-07
565,Aisha Mohammad,03025253474,2026-01-02
566,Ahmed Ahmed,03493984468,2026-07-05
567,Rashid Hussain,03610073950,2026-04-20
568,Layla Ibrahim,03808485053,2026-01-01
569,Omar Malik,03287417587,2026-01-16
570,Sara Abdullah,03499904111,2026-02-24
571,Ahmed Abdullah,03596073443,2026-02-18
572,Fatima Abdullah,03873569912,2026-09-18
573,Ahmed Hussain,03725565160,2026-08-13
574,Omar Ali,03120287372,2026-04-30
575,Aisha Farooq,03367195775,2026-07-08
576,Rashid Hussain,03455450917,2026-09-08
577,Layla Mohammad,03148611464,2026-05-12
578,Rashid Hassan,03095182022,2026-07-15
579,Layla Abdullah,03309286776,2026-02-21
580,Omar Malik,03980726908,2026-04-30
581,Hassan Hussain,03035309711,2026-03-06
582,Ali Khan,03746584542,2026-03-21
583,Aisha Ahmed,03594918254,2026-05-16
584,Layla Mohammad,03047215919,2026-07-09
585,Layla Farooq,03961102753,2026-01-16
586,Sara Malik,03779286442,2026-04-12
587,Fatima Hussain,03030727439,2026-05-17
588,Layla Abdullah,03292836659,2026-09-10
589,Sara Ali,03535206002,2026-05-27
590,Fatima Hassan,03038969349,2026-04-14
591,Fatima Khan,03052364858,2026-09-02
592,Layla Khan,03504285597,2026-04-06
593,Layla Farooq,03690962224,2026-08-21
594,Sara Ibrahim,03126116187,2026-04-26
595,Ali Khan,03064705560,2026-05-03
596,Ali Farooq,03235811590,2026-07-15
597,Zainab Ahmed,03650164589,2026-01-05
598,Aisha Hussain,03240037346,2026-09-28
599,Sara Hussain,03102623069,2026-03-06
600,Fatima Mohammad,03654149576,2026-08-15
